-- phpMyAdmin SQL Dump
-- version 4.7.4
-- https://www.phpmyadmin.net/
--
-- Host: 127.0.0.1
-- Generation Time: Dec 17, 2017 at 02:38 PM
-- Server version: 10.1.28-MariaDB
-- PHP Version: 7.1.11

SET SQL_MODE = "NO_AUTO_VALUE_ON_ZERO";
SET AUTOCOMMIT = 0;
START TRANSACTION;
SET time_zone = "+00:00";


/*!40101 SET @OLD_CHARACTER_SET_CLIENT=@@CHARACTER_SET_CLIENT */;
/*!40101 SET @OLD_CHARACTER_SET_RESULTS=@@CHARACTER_SET_RESULTS */;
/*!40101 SET @OLD_COLLATION_CONNECTION=@@COLLATION_CONNECTION */;
/*!40101 SET NAMES utf8mb4 */;

--
-- Database: `ecomphp`
--
CREATE DATABASE IF NOT EXISTS `ecomphp` DEFAULT CHARACTER SET latin1 COLLATE latin1_swedish_ci;
USE `ecomphp`;

-- --------------------------------------------------------

--
-- Table structure for table `admin`
--

CREATE TABLE `admin` (
  `id` int(11) NOT NULL,
  `firstname` varchar(255) NOT NULL,
  `lastname` varchar(255) NOT NULL,
  `email` varchar(255) NOT NULL,
  `password` varchar(255) NOT NULL
) ENGINE=InnoDB DEFAULT CHARSET=latin1;

--
-- Dumping data for table `admin`
--

INSERT INTO `admin` (`id`, `firstname`, `lastname`, `email`, `password`) VALUES
(4, 'Jmidar', 'Empty', 'JmidarEmpty@gmail.com', '27df582040a3bb1ee04affe92d91cf6a');

-- --------------------------------------------------------

--
-- Table structure for table `category`
--

CREATE TABLE `category` (
  `id` int(11) NOT NULL,
  `name` varchar(255) NOT NULL
) ENGINE=InnoDB DEFAULT CHARSET=latin1;

--
-- Dumping data for table `category`
--

INSERT INTO `category` (`id`, `name`) VALUES
(1, 'Mobiles'),
(2, 'Cameras'),
(3, 'Books');

-- --------------------------------------------------------

--
-- Table structure for table `orderitems`
--

CREATE TABLE `orderitems` (
  `id` int(11) NOT NULL,
  `pid` int(11) NOT NULL,
  `pquantity` varchar(255) NOT NULL,
  `orderid` int(11) NOT NULL,
  `productprice` varchar(255) NOT NULL
) ENGINE=InnoDB DEFAULT CHARSET=latin1;

--
-- Dumping data for table `orderitems`
--

INSERT INTO `orderitems` (`id`, `pid`, `pquantity`, `orderid`, `productprice`) VALUES
(1, 19, '5', 1, '16'),
(2, 19, '5', 2, '16'),
(3, 1, '2', 2, '20990'),
(4, 1, '1', 3, '20990'),
(5, 20, '10', 3, '99'),
(6, 18, '1', 4, '12890'),
(7, 21, '1', 4, '75'),
(8, 2, '1', 5, '7590'),
(9, 19, '10', 5, '16');

-- --------------------------------------------------------

--
-- Table structure for table `orders`
--

CREATE TABLE `orders` (
  `id` int(11) NOT NULL,
  `uid` int(11) NOT NULL,
  `totalprice` varchar(255) NOT NULL,
  `orderstatus` varchar(255) NOT NULL,
  `paymentmode` varchar(255) NOT NULL,
  `timestamp` datetime NOT NULL DEFAULT CURRENT_TIMESTAMP
) ENGINE=InnoDB DEFAULT CHARSET=latin1;

--
-- Dumping data for table `orders`
--

INSERT INTO `orders` (`id`, `uid`, `totalprice`, `orderstatus`, `paymentmode`, `timestamp`) VALUES
(1, 2, '80', 'Order Placed', 'cod', '2017-10-28 12:22:36'),
(2, 2, '42060', 'Order Placed', 'cod', '2017-10-28 12:27:16'),
(3, 6, '21980', 'Cancelled', 'cod', '2017-10-28 14:25:23'),
(4, 6, '12965', 'In Progress', 'cod', '2017-10-28 14:28:29'),
(5, 6, '7750', 'In Progress', 'cod', '2017-11-06 19:40:34');

-- --------------------------------------------------------

--
-- Table structure for table `ordertracking`
--

CREATE TABLE `ordertracking` (
  `id` int(11) NOT NULL,
  `orderid` int(11) NOT NULL,
  `status` varchar(255) NOT NULL,
  `message` text NOT NULL,
  `timestamp` datetime NOT NULL DEFAULT CURRENT_TIMESTAMP
) ENGINE=InnoDB DEFAULT CHARSET=latin1;

--
-- Dumping data for table `ordertracking`
--

INSERT INTO `ordertracking` (`id`, `orderid`, `status`, `message`, `timestamp`) VALUES
(3, 3, 'Cancelled', ' I don&#39;t want this item now.', '2017-10-28 17:54:18'),
(5, 4, 'In Progress', ' Order is in Progress', '2017-10-30 13:31:08'),
(6, 5, 'In Progress', ' Order is in Progress', '2017-11-06 19:45:11');

-- --------------------------------------------------------

--
-- Table structure for table `products`
--

CREATE TABLE `products` (
  `id` int(11) NOT NULL,
  `name` varchar(255) NOT NULL,
  `catid` int(11) NOT NULL,
  `price` varchar(255) NOT NULL,
  `thumb` varchar(255) NOT NULL,
  `description` varchar(255) NOT NULL
) ENGINE=InnoDB DEFAULT CHARSET=latin1;

--
-- Dumping data for table `products`
--

INSERT INTO `products` (`id`, `name`, `catid`, `price`, `thumb`, `description`) VALUES
(1, 'Canon EOS 1300D 18MP Digital SLR Camera (Black) with 18-55mm ISII Lens, 16GB Card and Carry Case', 2, '20990', 'uploads/Canon EOS 200D 24 2MP.jpg', 'The EOS 1300D packs in all the fun of photography, which is why we recommend it to users looking for their very first EOS DSLR camera. It uses an 18-megapixel APS-C size sensor and the DIGIC 4+ image processor'),
(2, 'Sony DSC W830 Cyber-shot 20.1 MP Point and Shoot Camera (Black) with 8x Optical Zoom, Memory Card and Camera Case', 2, '7590', 'uploads/Sony Alpha a6000 Mirrorless Digital.jpg', 'The Sony DSC W830 Cyber-shot 20.1 MP Point and Shoot Camera (Black) with 8x Optical Zoom is a powerful camera full of features that put it at par with any professional DSLR. It is packed with a super HAD CCD sensor that comes with 20.1 effective megapixel'),
(18, 'Sony Cyber-shot DSC-H300/BC E32 point & Shoot Digital camera ', 2, '12890', 'uploads/Sony Alpha ILCA-77M2Q 24 3MP.jpg', 'The High zoom camera Sony Cyber-shot H300, with a powerful 35x optical zoom, brings your subject to you for beautiful, precise pictures. A 20.1MP sensor, HD video and creative features, let you capture detailed images and movies with ease. A DSLR-style bo'),
(19, 'General Knowledge 2018', 3, '16', 'uploads/General Knowledge 2018.jpg', 'An editorial team of highly skilled professionals at Arihant, works hand in glove to ensure that the students receive the best and accurate content through our books. From inception till the book comes out from print, the whole team comprising of authors,'),
(20, 'The Power of your Subconscious Mind', 3, '99', 'uploads/The Power of your Subconscious Mind.jpg', 'It\'s a very good n very useful book n it should be read by each n every one ...to knw the things that are not aware and know about the mind power .. Super duper book --ByAmazon Customeron 19 March 2017'),
(21, 'Think and Grow Rich', 3, '75', 'uploads/Think and Grow Rich.jpg', 'An American journalist, lecturer and author, Napoleon Hill is one of the earliest producers of \'personal-success literature . As an author of self-help books, Hill has always abided by and promoted principle of intense and burning passion being the sole k');

-- --------------------------------------------------------

--
-- Table structure for table `reviews`
--

CREATE TABLE `reviews` (
  `id` int(11) NOT NULL,
  `pid` int(11) NOT NULL,
  `uid` int(11) NOT NULL,
  `review` text NOT NULL,
  `timestamp` datetime NOT NULL DEFAULT CURRENT_TIMESTAMP
) ENGINE=InnoDB DEFAULT CHARSET=latin1;

--
-- Dumping data for table `reviews`
--

INSERT INTO `reviews` (`id`, `pid`, `uid`, `review`, `timestamp`) VALUES
(1, 1, 6, 'It&#39;s an awesome Product...', '2017-10-30 15:18:42');

-- --------------------------------------------------------

--
-- Table structure for table `users`
--

CREATE TABLE `users` (
  `id` int(11) NOT NULL,
  `email` varchar(255) NOT NULL,
  `password` varchar(255) NOT NULL,
  `timestamp` datetime NOT NULL DEFAULT CURRENT_TIMESTAMP
) ENGINE=InnoDB DEFAULT CHARSET=latin1;

--
-- Dumping data for table `users`
--

INSERT INTO `users` (`id`, `email`, `password`, `timestamp`) VALUES
(1, 'vivek@codingcyber.com', '26e0eca228b42a520565415246513c0d', '2017-10-27 12:05:10'),
(2, 'vivek1@codingcyber.com', '$2y$10$cMzHNUFGKma96MywHmVMbekuJZb1tSNLsevHzLnSRbcRicQVhEC6a', '2017-10-27 12:24:25'),
(6, 'vivek2@codingcyber.com', '$2y$10$apI7l.1wAS5pgbG4YfMrN.jNd5T3XmhecFuSV2M6UNdoUHImPXNxm', '2017-10-27 12:28:20');

-- --------------------------------------------------------

--
-- Table structure for table `usersmeta`
--

CREATE TABLE `usersmeta` (
  `id` int(11) NOT NULL,
  `uid` int(11) NOT NULL,
  `firstname` varchar(255) NOT NULL,
  `lastname` varchar(255) NOT NULL,
  `company` varchar(255) NOT NULL,
  `address1` varchar(255) NOT NULL,
  `address2` varchar(255) NOT NULL,
  `city` varchar(255) NOT NULL,
  `state` varchar(255) NOT NULL,
  `country` varchar(255) NOT NULL,
  `zip` varchar(255) NOT NULL,
  `mobile` varchar(255) NOT NULL
) ENGINE=InnoDB DEFAULT CHARSET=latin1;

--
-- Dumping data for table `usersmeta`
--

INSERT INTO `usersmeta` (`id`, `uid`, `firstname`, `lastname`, `company`, `address1`, `address2`, `city`, `state`, `country`, `zip`, `mobile`) VALUES
(1, 2, 'Vivek', 'V', 'Coding Cyber', 'Hyd', 'Hyd', 'Hyderabad', 'Telangana', '', '500060', ''),
(2, 6, 'Vivek', 'Vengala', 'Coding Cyber', '#201', 'DSNR', 'Hyderabad', 'Telangana', '', '500060', '9876543211');

-- --------------------------------------------------------

--
-- Table structure for table `wishlist`
--

CREATE TABLE `wishlist` (
  `id` int(11) NOT NULL,
  `pid` int(11) NOT NULL,
  `uid` int(11) NOT NULL,
  `timestamp` datetime NOT NULL DEFAULT CURRENT_TIMESTAMP
) ENGINE=InnoDB DEFAULT CHARSET=latin1;

--
-- Dumping data for table `wishlist`
--

INSERT INTO `wishlist` (`id`, `pid`, `uid`, `timestamp`) VALUES
(1, 1, 6, '2017-10-30 16:36:45'),
(2, 2, 6, '2017-10-30 16:38:07'),
(3, 21, 6, '2017-11-06 19:42:35');

--
-- Indexes for dumped tables
--

--
-- Indexes for table `admin`
--
ALTER TABLE `admin`
  ADD PRIMARY KEY (`id`);

--
-- Indexes for table `category`
--
ALTER TABLE `category`
  ADD PRIMARY KEY (`id`);

--
-- Indexes for table `orderitems`
--
ALTER TABLE `orderitems`
  ADD PRIMARY KEY (`id`);

--
-- Indexes for table `orders`
--
ALTER TABLE `orders`
  ADD PRIMARY KEY (`id`);

--
-- Indexes for table `ordertracking`
--
ALTER TABLE `ordertracking`
  ADD PRIMARY KEY (`id`);

--
-- Indexes for table `products`
--
ALTER TABLE `products`
  ADD PRIMARY KEY (`id`);

--
-- Indexes for table `reviews`
--
ALTER TABLE `reviews`
  ADD PRIMARY KEY (`id`);

--
-- Indexes for table `users`
--
ALTER TABLE `users`
  ADD PRIMARY KEY (`id`),
  ADD UNIQUE KEY `email` (`email`);

--
-- Indexes for table `usersmeta`
--
ALTER TABLE `usersmeta`
  ADD PRIMARY KEY (`id`);

--
-- Indexes for table `wishlist`
--
ALTER TABLE `wishlist`
  ADD PRIMARY KEY (`id`);

--
-- AUTO_INCREMENT for dumped tables
--

--
-- AUTO_INCREMENT for table `admin`
--
ALTER TABLE `admin`
  MODIFY `id` int(11) NOT NULL AUTO_INCREMENT, AUTO_INCREMENT=5;

--
-- AUTO_INCREMENT for table `category`
--
ALTER TABLE `category`
  MODIFY `id` int(11) NOT NULL AUTO_INCREMENT, AUTO_INCREMENT=4;

--
-- AUTO_INCREMENT for table `orderitems`
--
ALTER TABLE `orderitems`
  MODIFY `id` int(11) NOT NULL AUTO_INCREMENT, AUTO_INCREMENT=10;

--
-- AUTO_INCREMENT for table `orders`
--
ALTER TABLE `orders`
  MODIFY `id` int(11) NOT NULL AUTO_INCREMENT, AUTO_INCREMENT=6;

--
-- AUTO_INCREMENT for table `ordertracking`
--
ALTER TABLE `ordertracking`
  MODIFY `id` int(11) NOT NULL AUTO_INCREMENT, AUTO_INCREMENT=7;

--
-- AUTO_INCREMENT for table `products`
--
ALTER TABLE `products`
  MODIFY `id` int(11) NOT NULL AUTO_INCREMENT, AUTO_INCREMENT=22;

--
-- AUTO_INCREMENT for table `reviews`
--
ALTER TABLE `reviews`
  MODIFY `id` int(11) NOT NULL AUTO_INCREMENT, AUTO_INCREMENT=2;

--
-- AUTO_INCREMENT for table `users`
--
ALTER TABLE `users`
  MODIFY `id` int(11) NOT NULL AUTO_INCREMENT, AUTO_INCREMENT=7;

--
-- AUTO_INCREMENT for table `usersmeta`
--
ALTER TABLE `usersmeta`
  MODIFY `id` int(11) NOT NULL AUTO_INCREMENT, AUTO_INCREMENT=3;

--
-- AUTO_INCREMENT for table `wishlist`
--
ALTER TABLE `wishlist`
  MODIFY `id` int(11) NOT NULL AUTO_INCREMENT, AUTO_INCREMENT=4;
COMMIT;

/*!40101 SET CHARACTER_SET_CLIENT=@OLD_CHARACTER_SET_CLIENT */;
/*!40101 SET CHARACTER_SET_RESULTS=@OLD_CHARACTER_SET_RESULTS */;
/*!40101 SET COLLATION_CONNECTION=@OLD_COLLATION_CONNECTION */;
